{"base_files_url": "https://raw.githubusercontent.com/zakk4223/Main_Mister_ZQol/c5db7f89da07ddf3018e2c9b2ffda7e2f90474dc/", "db_id": "zakk_main", "db_url": "https://raw.githubusercontent.com/zakk4223/Main_Mister_ZQol/db/db.json.zip", "files": {"downloader/MiSTer_zakk": {"hash": "99c2440256040ce85d32d52b569ce345", "size": 1131336, "tags": [16]}, "downloader/README.md": {"hash": "d41d8cd98f00b204e9800998ecf8427e", "size": 0, "tags": [16]}}, "folders": {"downloader": {"tags": [16]}}, "tag_dictionary": {"downloader": 16}, "timestamp": 1711400139}