{"base_files_url": "https://raw.githubusercontent.com/zakk4223/Main_Mister_ZQol/9af1d49b4d8f0523f63e737dbe996bc046b7c5b8/", "db_id": "zakk_main", "db_url": "https://raw.githubusercontent.com/zakk4223/Main_Mister_ZQol/db/db.json.zip", "files": {"MiSTer": {"hash": "99c2440256040ce85d32d52b569ce345", "path": "system", "reboot": true, "size": 1131336, "tags": [16, 17]}, "MiSTer_zakk": {"hash": "99c2440256040ce85d32d52b569ce345", "size": 1131336, "tags": []}}, "folders": {}, "tag_dictionary": {"essential": 16, "misterfirmware": 17}, "timestamp": 1711393390}