{"db_files": ["db.json.zip"], "db_id": "mister_zqol", "db_url": "https://raw.githubusercontent.com/zakk4223/Main_Mister_ZQol/main/downloader/db.json.zip", "files": {"MiSTer": {"delete": [], "hash": "45fa75540391fd6f461b926cffd956db", "path": "system", "reboot": true, "size": 964064, "url": "https://raw.githubusercontent.com/zakk4223/Main_Mister_ZQol/downloader/ad38b0623fb6b12a736f94a8efa204d5bc83009b/MiSTer"}, "db.json.zip": {"delete": [], "hash": "dffb5ce164ce153708a03c775040160f", "size": 390, "url": "https://raw.githubusercontent.com/zakk4223/Main_Mister_ZQol/downloader/ad38b0623fb6b12a736f94a8efa204d5bc83009b/db.json.zip"}}, "files_count": 2, "folders": [], "folders_count": 0, "latest_zip_url": null}